<?xml version="1.0" encoding="UTF-8" standalone="yes"?>
<rest-connector xmlns="http://www.softwareag.com/cloudstreams/metadata/handler/model" id="com.softwareag.cloudstreams.quaderno" version="1.0" group="Quaderno" name="Quaderno" displayName="Quaderno">
    <description>Quaderno is a SaaS app and set of APIs to automate and improve tax management in businesses of all sizes.</description>
    <connections>
        <connection type="sagcloud" name="SAG_Connection" displayName="SAG_Connection">
            <groups>
                <group type="connection" name="connection" displayName="Connection">
                    <description>Define the required connection configurations to initiate communication with the SaaS provider.</description>
                    <fields>
                        <field isRequired="true" isEncrypted="false" isHidden="false" isArray="false" defaultValue="https://assur-5872.quadernoapp.com/api" name="cn.providerUrl" displayName="Server URL">
                            <description>The native provider endpoint target for the connection configuration</description>
                        </field>
                    </fields>
                </group>
                <group type="credentials" name="credentials" displayName="Credentials">
                    <description>Define configurations needed for the username and password based authentication to the SaaS provider.</description>
                    <fields>
                        <field isRequired="false" isEncrypted="false" isHidden="false" isArray="false" defaultValue="true" name="cr.preemptiveAuthEnabled" displayName="Preemptive Auth">
                            <description>If true, basic auth credentials will be included when a request is sent. (It will not wait for a 401 response challenge.)</description>
                        </field>
                    </fields>
                </group>
                <group type="protocol" name="protocol" displayName="Protocol">
                    <description>Define configurations needed for the HTTP protocol that the connection will use to connect to the SaaS provider.</description>
                    <fields/>
                </group>
                <group type="requestHeaders" name="requestHeaders" displayName="Request Headers">
                    <description>Define the HTTP request header contents that will be used while making a request to a SaaS provider.</description>
                    <fields/>
                </group>
            </groups>
        </connection>
    </connections>
    <services>
        <service xmlns:xsi="http://www.w3.org/2001/XMLSchema-instance" xsi:type="RESTServiceType" endpoint="${cn.providerUrl}" name="default_resourcegroup" displayName="Default_ResourceGroup">
            <documentModel packageName="." nsName="com.softwareag.cloudstreams.quaderno.default_resourcegroup.doctypes" useInlineModel="true"/>
            <resources>
                <mappings/>
                <resource method="POST" path="/webhooks" type="SIMPLE" name="postCreateawebhook" displayName="Create Webhook">
                    <description>Creates a webhook</description>
                    <mappings>
                        <map isRequired="true" context="IN" name="Content-Type">
                            <source type="LITERAL">application/json</source>
                            <target type="HEADER">Content-Type</target>
                        </map>
                        <map isRequired="true" context="IN" name="Accept">
                            <source type="LITERAL">application/json</source>
                            <target type="HEADER">Accept</target>
                        </map>
                    </mappings>
                    <parameters/>
                    <request name="createUpdateWebhookRequest" messageFormatterType="application/json" builderType="application/octet+idataoref" documentRef="com.softwareag.cloudstreams.quaderno.default_resourcegroup.doctypes:createUpdateWebhookRequest" excludeRoot="true" dimension="0"/>
                    <responses>
                        <response name="createWebhookResponse" code="201" messageFormatterType="application/octet+idataoref" builderType="application/json" documentRef="com.softwareag.cloudstreams.quaderno.default_resourcegroup.doctypes:createWebhookResponse" excludeRoot="true" dimension="0"/>
                        <response name="errorResponse" code="400-500" messageFormatterType="application/octet+idataoref" builderType="application/json" documentRef="com.softwareag.cloudstreams.quaderno.default_resourcegroup.doctypes:errorResponse" excludeRoot="true" dimension="0"/>
                    </responses>
                </resource>
                <resource method="PUT" path="/webhooks/{webhook_id}" type="SIMPLE" name="putUpdateWebhook" displayName="Update Webhook">
                    <description>Update a webhook</description>
                    <mappings>
                        <map isRequired="true" context="IN" name="Content-Type">
                            <source type="LITERAL">application/json</source>
                            <target type="HEADER">Content-Type</target>
                        </map>
                        <map isRequired="true" context="IN" name="Accept">
                            <source type="LITERAL">application/json</source>
                            <target type="HEADER">Accept</target>
                        </map>
                    </mappings>
                    <parameters>
                        <parameter name="webhook_id" isRequired="true" style="URI_CONTEXT" dataType="String"/>
                    </parameters>
                    <request name="createUpdateWebhookRequest" messageFormatterType="application/json" builderType="application/octet+idataoref" documentRef="com.softwareag.cloudstreams.quaderno.default_resourcegroup.doctypes:createUpdateWebhookRequest" excludeRoot="true" dimension="0"/>
                    <responses>
                        <response name="updateWebhookResponse" code="200" messageFormatterType="application/octet+idataoref" builderType="application/json" documentRef="com.softwareag.cloudstreams.quaderno.default_resourcegroup.doctypes:updateWebhookResponse" excludeRoot="true" dimension="0"/>
                        <response name="errorResponse" code="400-500" messageFormatterType="application/octet+idataoref" builderType="application/json" documentRef="com.softwareag.cloudstreams.quaderno.default_resourcegroup.doctypes:errorResponse" excludeRoot="true" dimension="0"/>
                    </responses>
                </resource>
                <resource method="GET" path="/webhooks/{webhook_id}" type="SIMPLE" name="getRetrieveWebhook" displayName="Retrieve Webhook">
                    <description>Retrieve a webhook</description>
                    <mappings>
                        <map isRequired="true" context="IN" name="Accept">
                            <source type="LITERAL">application/json</source>
                            <target type="HEADER">Accept</target>
                        </map>
                    </mappings>
                    <parameters>
                        <parameter name="webhook_id" isRequired="true" style="URI_CONTEXT" dataType="String"/>
                    </parameters>
                    <responses>
                        <response name="retrieveWebhookResponse" code="200" messageFormatterType="application/octet+idataoref" builderType="application/json" documentRef="com.softwareag.cloudstreams.quaderno.default_resourcegroup.doctypes:retrieveWebhookResponse" excludeRoot="true" dimension="0"/>
                        <response name="errorResponse" code="400-500" messageFormatterType="application/octet+idataoref" builderType="application/json" documentRef="com.softwareag.cloudstreams.quaderno.default_resourcegroup.doctypes:errorResponse" excludeRoot="true" dimension="0"/>
                    </responses>
                </resource>
                <resource method="DELETE" path="/webhooks/{webhook_id}" type="SIMPLE" name="deleteDeleteWebhook" displayName="Delete Webhook">
                    <description>Delete a webhook</description>
                    <mappings/>
                    <parameters>
                        <parameter name="webhook_id" isRequired="true" style="URI_CONTEXT" dataType="String"/>
                    </parameters>
                    <request name="stream" messageFormatterType="vnd.sag.cloudstreams+binary" builderType="vnd.sag.cloudstreams+binary" dimension="0"/>
                    <responses>
                        <response name="deleteWebhookResponse" code="204" messageFormatterType="application/octet+idataoref" builderType="application/json" documentRef="com.softwareag.cloudstreams.quaderno.default_resourcegroup.doctypes:deleteWebhookResponse" excludeRoot="true" dimension="0"/>
                        <response name="errorResponse" code="400-500" messageFormatterType="application/octet+idataoref" builderType="application/json" documentRef="com.softwareag.cloudstreams.quaderno.default_resourcegroup.doctypes:errorResponse" excludeRoot="true" dimension="0"/>
                    </responses>
                </resource>
                <resource method="GET" path="/webhooks" type="SIMPLE" name="getListAllWebhooks" displayName="List All Webhooks">
                    <description>List all webhooks</description>
                    <mappings>
                        <map isRequired="true" context="IN" name="Accept">
                            <source type="LITERAL">application/json</source>
                            <target type="HEADER">Accept</target>
                        </map>
                    </mappings>
                    <parameters/>
                    <responses>
                        <response name="listAllWebhookResponse" code="200" messageFormatterType="application/octet+idataoref" builderType="application/json" documentRef="com.softwareag.cloudstreams.quaderno.default_resourcegroup.doctypes:listAllWebhookResponse" excludeRoot="true" dimension="0"/>
                        <response name="errorResponse" code="400-500" messageFormatterType="application/octet+idataoref" builderType="application/json" documentRef="com.softwareag.cloudstreams.quaderno.default_resourcegroup.doctypes:errorResponse" excludeRoot="true" dimension="0"/>
                    </responses>
                </resource>
                <resource method="POST" path="/expenses" type="SIMPLE" name="postCreateExpense" displayName="Create Expense">
                    <description>Create an expense</description>
                    <mappings>
                        <map isRequired="true" context="IN" name="Content-Type">
                            <source type="LITERAL">application/json</source>
                            <target type="HEADER">Content-Type</target>
                        </map>
                        <map isRequired="true" context="IN" name="Accept">
                            <source type="LITERAL">application/json</source>
                            <target type="HEADER">Accept</target>
                        </map>
                    </mappings>
                    <parameters/>
                    <request name="createExpenseRequest" messageFormatterType="application/json" builderType="application/octet+idataoref" documentRef="com.softwareag.cloudstreams.quaderno.default_resourcegroup.doctypes:createExpenseRequest" excludeRoot="true" dimension="0"/>
                    <responses>
                        <response name="createExpenseResponse" code="201" messageFormatterType="application/octet+idataoref" builderType="application/json" documentRef="com.softwareag.cloudstreams.quaderno.default_resourcegroup.doctypes:createExpenseResponse" excludeRoot="true" dimension="0"/>
                        <response name="errorResponse" code="400-500" messageFormatterType="application/octet+idataoref" builderType="application/json" documentRef="com.softwareag.cloudstreams.quaderno.default_resourcegroup.doctypes:errorResponse" excludeRoot="true" dimension="0"/>
                    </responses>
                </resource>
                <resource method="PUT" path="/expenses/{expense_id}" type="SIMPLE" name="putUpdateExpense" displayName="Update Expense">
                    <description>Update an expense</description>
                    <mappings>
                        <map isRequired="true" context="IN" name="Content-Type">
                            <source type="LITERAL">application/json</source>
                            <target type="HEADER">Content-Type</target>
                        </map>
                        <map isRequired="true" context="IN" name="Accept">
                            <source type="LITERAL">application/json</source>
                            <target type="HEADER">Accept</target>
                        </map>
                    </mappings>
                    <parameters>
                        <parameter name="expense_id" isRequired="true" style="URI_CONTEXT"/>
                    </parameters>
                    <request name="updateExpenseRequest" messageFormatterType="application/json" builderType="application/octet+idataoref" documentRef="com.softwareag.cloudstreams.quaderno.default_resourcegroup.doctypes:updateExpenseRequest" excludeRoot="true" dimension="0"/>
                    <responses>
                        <response name="updateExpenseResponse" code="200" messageFormatterType="application/octet+idataoref" builderType="application/json" documentRef="com.softwareag.cloudstreams.quaderno.default_resourcegroup.doctypes:updateExpenseResponse" excludeRoot="true" dimension="0"/>
                        <response name="errorResponse" code="400-500" messageFormatterType="application/octet+idataoref" builderType="application/json" documentRef="com.softwareag.cloudstreams.quaderno.default_resourcegroup.doctypes:errorResponse" excludeRoot="true" dimension="0"/>
                    </responses>
                </resource>
                <resource method="GET" path="/expenses/{expense_id}" type="SIMPLE" name="getRetrieveexpense" displayName="Retrieve expense">
                    <description>Retrieve an expense</description>
                    <mappings>
                        <map isRequired="true" context="IN" name="Accept">
                            <source type="LITERAL">application/json</source>
                            <target type="HEADER">Accept</target>
                        </map>
                    </mappings>
                    <parameters>
                        <parameter name="expense_id" isRequired="true" style="URI_CONTEXT"/>
                    </parameters>
                    <responses>
                        <response name="retrieveExpenseResponse" code="200" messageFormatterType="application/octet+idataoref" builderType="application/json" documentRef="com.softwareag.cloudstreams.quaderno.default_resourcegroup.doctypes:retrieveExpenseResponse" excludeRoot="true" dimension="0"/>
                        <response name="errorResponse" code="400-500" messageFormatterType="application/octet+idataoref" builderType="application/json" documentRef="com.softwareag.cloudstreams.quaderno.default_resourcegroup.doctypes:errorResponse" excludeRoot="true" dimension="0"/>
                    </responses>
                </resource>
                <resource method="GET" path="/expenses" type="SIMPLE" isHidden="true" name="getListAllExpenses" displayName="List All Expenses">
                    <description>List all expenses</description>
                    <mappings>
                        <map isRequired="true" context="IN" name="Accept">
                            <source type="LITERAL">application/json</source>
                            <target type="HEADER">Accept</target>
                        </map>
                    </mappings>
                    <parameters>
                        <parameter name="q" style="QUERYSTRING_PARAM" isFixed="true"/>
                        <parameter name="date" style="QUERYSTRING_PARAM" isFixed="true"/>
                        <parameter name="state" style="QUERYSTRING_PARAM" isFixed="true"/>
                        <parameter name="contact" style="QUERYSTRING_PARAM" isFixed="true"/>
                    </parameters>
                    <responses>
                        <response name="listExpenseResponse" code="200" messageFormatterType="application/octet+idataoref" builderType="application/json" documentRef="com.softwareag.cloudstreams.quaderno.default_resourcegroup.doctypes:listExpenseResponse" excludeRoot="true" dimension="0"/>
                        <response name="errorResponse" code="400-500" messageFormatterType="application/octet+idataoref" builderType="application/json" documentRef="com.softwareag.cloudstreams.quaderno.default_resourcegroup.doctypes:errorResponse" excludeRoot="true" dimension="0"/>
                    </responses>
                </resource>
                <resource method="DELETE" path="/expenses/{expense_id}" type="SIMPLE" name="deleteDeleteExpense" displayName="Delete Expense">
                    <description>Delete an expense</description>
                    <mappings/>
                    <parameters>
                        <parameter name="expense_id" isRequired="true" style="URI_CONTEXT"/>
                    </parameters>
                    <request name="stream" messageFormatterType="vnd.sag.cloudstreams+binary" builderType="vnd.sag.cloudstreams+binary" dimension="0"/>
                    <responses>
                        <response name="deleteExpenseResponse" code="204" messageFormatterType="application/octet+idataoref" builderType="application/json" documentRef="com.softwareag.cloudstreams.quaderno.default_resourcegroup.doctypes:deleteExpenseResponse" excludeRoot="true" dimension="0"/>
                    </responses>
                </resource>
                <resource method="POST" path="/contacts" type="SIMPLE" name="postCreateContact" displayName="Create Contact">
                    <description>Create a contact</description>
                    <mappings>
                        <map isRequired="true" context="IN" name="Accept">
                            <source type="LITERAL">application/json</source>
                            <target type="HEADER">Accept</target>
                        </map>
                        <map isRequired="true" context="IN" name="Content-Type">
                            <source type="LITERAL">application/json</source>
                            <target type="HEADER">Content-Type</target>
                        </map>
                    </mappings>
                    <parameters/>
                    <request name="createContactRequest" messageFormatterType="application/json" builderType="application/octet+idataoref" documentRef="com.softwareag.cloudstreams.quaderno.default_resourcegroup.doctypes:createContactRequest" excludeRoot="true" dimension="0"/>
                    <responses>
                        <response name="createContactResponse" code="201" messageFormatterType="application/octet+idataoref" builderType="application/json" documentRef="com.softwareag.cloudstreams.quaderno.default_resourcegroup.doctypes:createContactResponse" excludeRoot="true" dimension="0"/>
                        <response name="errorResponse" code="400-500" messageFormatterType="application/octet+idataoref" builderType="application/json" documentRef="com.softwareag.cloudstreams.quaderno.default_resourcegroup.doctypes:errorResponse" excludeRoot="true" dimension="0"/>
                    </responses>
                </resource>
                <resource method="PUT" path="/contacts/{contact_id}" type="SIMPLE" name="putUpdateContact" displayName="Update Contact">
                    <description>Update a contact</description>
                    <mappings>
                        <map isRequired="true" context="IN" name="Accept">
                            <source type="LITERAL">application/json</source>
                            <target type="HEADER">Accept</target>
                        </map>
                        <map isRequired="true" context="IN" name="Content-Type">
                            <source type="LITERAL">application/json</source>
                            <target type="HEADER">Content-Type</target>
                        </map>
                    </mappings>
                    <parameters>
                        <parameter name="contact_id" isRequired="true" style="URI_CONTEXT"/>
                    </parameters>
                    <request name="updateContactRequest" messageFormatterType="application/json" builderType="application/octet+idataoref" documentRef="com.softwareag.cloudstreams.quaderno.default_resourcegroup.doctypes:updateContactRequest" excludeRoot="true" dimension="0"/>
                    <responses>
                        <response name="updateContactResponse" code="200" messageFormatterType="application/octet+idataoref" builderType="application/json" documentRef="com.softwareag.cloudstreams.quaderno.default_resourcegroup.doctypes:updateContactResponse" excludeRoot="true" dimension="0"/>
                        <response name="errorResponse" code="400-500" messageFormatterType="application/octet+idataoref" builderType="application/json" documentRef="com.softwareag.cloudstreams.quaderno.default_resourcegroup.doctypes:errorResponse" excludeRoot="true" dimension="0"/>
                    </responses>
                </resource>
                <resource method="DELETE" path="/contacts/{contact_id}" type="SIMPLE" name="deleteDeleteContact" displayName="Delete Contact">
                    <description>Delete a contact</description>
                    <mappings/>
                    <parameters>
                        <parameter name="contact_id" isRequired="true" style="URI_CONTEXT"/>
                    </parameters>
                    <request name="stream" messageFormatterType="vnd.sag.cloudstreams+binary" builderType="vnd.sag.cloudstreams+binary" dimension="0"/>
                    <responses>
                        <response name="deleteContactResponse" code="204" messageFormatterType="application/octet+idataoref" builderType="application/json" documentRef="com.softwareag.cloudstreams.quaderno.default_resourcegroup.doctypes:deleteContactResponse" excludeRoot="true" dimension="0"/>
                    </responses>
                </resource>
                <resource method="GET" path="/contacts/{contact_id}" type="SIMPLE" name="getRetrieveContact" displayName="Retrieve Contact">
                    <description>Retrieve a contact</description>
                    <mappings>
                        <map isRequired="true" context="IN" name="Accept">
                            <source type="LITERAL">application/json</source>
                            <target type="HEADER">Accept</target>
                        </map>
                    </mappings>
                    <parameters>
                        <parameter name="contact_id" isRequired="true" style="URI_CONTEXT"/>
                    </parameters>
                    <responses>
                        <response name="retrieveContactResponse" code="200" messageFormatterType="application/octet+idataoref" builderType="application/json" documentRef="com.softwareag.cloudstreams.quaderno.default_resourcegroup.doctypes:retrieveContactResponse" excludeRoot="true" dimension="0"/>
                        <response name="errorResponse" code="400-500" messageFormatterType="application/octet+idataoref" builderType="application/json" documentRef="com.softwareag.cloudstreams.quaderno.default_resourcegroup.doctypes:errorResponse" excludeRoot="true" dimension="0"/>
                    </responses>
                </resource>
                <resource method="GET" path="/contacts" type="SIMPLE" name="getListAllContacts" displayName="List All Contacts">
                    <description>List all contacts</description>
                    <mappings>
                        <map isRequired="true" context="IN" name="Accept">
                            <source type="LITERAL">application/json</source>
                            <target type="HEADER">Accept</target>
                        </map>
                    </mappings>
                    <parameters>
                        <parameter name="q" style="QUERYSTRING_PARAM" isFixed="true"/>
                    </parameters>
                    <responses>
                        <response name="listAllContacts" code="200" messageFormatterType="application/octet+idataoref" builderType="application/json" documentRef="com.softwareag.cloudstreams.quaderno.default_resourcegroup.doctypes:listAllContacts" excludeRoot="true" dimension="0"/>
                        <response name="errorResponse" code="400-500" messageFormatterType="application/octet+idataoref" builderType="application/json" documentRef="com.softwareag.cloudstreams.quaderno.default_resourcegroup.doctypes:errorResponse" excludeRoot="true" dimension="0"/>
                    </responses>
                </resource>
                <resource method="POST" path="/invoices" type="SIMPLE" name="postCreateInvoice" displayName="Create Invoice">
                    <description>Create an invoice</description>
                    <mappings>
                        <map isRequired="true" context="IN" name="Accept">
                            <source type="LITERAL">application/json</source>
                            <target type="HEADER">Accept</target>
                        </map>
                        <map isRequired="true" context="IN" name="Content-Type">
                            <source type="LITERAL">application/json</source>
                            <target type="HEADER">Content-Type</target>
                        </map>
                    </mappings>
                    <parameters/>
                    <request name="createInvoiceRequest" messageFormatterType="application/json" builderType="application/octet+idataoref" documentRef="com.softwareag.cloudstreams.quaderno.default_resourcegroup.doctypes:createInvoiceRequest" excludeRoot="true" dimension="0"/>
                    <responses>
                        <response name="createInvoiceResponse" code="201" messageFormatterType="application/octet+idataoref" builderType="application/json" documentRef="com.softwareag.cloudstreams.quaderno.default_resourcegroup.doctypes:createInvoiceResponse" excludeRoot="true" dimension="0"/>
                        <response name="errorResponse" code="400-500" messageFormatterType="application/octet+idataoref" builderType="application/json" documentRef="com.softwareag.cloudstreams.quaderno.default_resourcegroup.doctypes:errorResponse" excludeRoot="true" dimension="0"/>
                    </responses>
                </resource>
                <resource method="PUT" path="/invoices/{invoice_id}" type="SIMPLE" name="putUpdateInvoice" displayName="Update Invoice">
                    <description>Update an invoice</description>
                    <mappings>
                        <map isRequired="true" context="IN" name="Accept">
                            <source type="LITERAL">application/json</source>
                            <target type="HEADER">Accept</target>
                        </map>
                        <map isRequired="true" context="IN" name="Content-Type">
                            <source type="LITERAL">application/json</source>
                            <target type="HEADER">Content-Type</target>
                        </map>
                    </mappings>
                    <parameters>
                        <parameter name="invoice_id" isRequired="true" style="URI_CONTEXT"/>
                    </parameters>
                    <request name="updateInvoiceRequest" messageFormatterType="application/json" builderType="application/octet+idataoref" documentRef="com.softwareag.cloudstreams.quaderno.default_resourcegroup.doctypes:updateInvoiceRequest" excludeRoot="true" dimension="0"/>
                    <responses>
                        <response name="updateInvoiceResponse" code="200" messageFormatterType="application/octet+idataoref" builderType="application/json" documentRef="com.softwareag.cloudstreams.quaderno.default_resourcegroup.doctypes:updateInvoiceResponse" excludeRoot="true" dimension="0"/>
                        <response name="errorResponse" code="400-500" messageFormatterType="application/octet+idataoref" builderType="application/json" documentRef="com.softwareag.cloudstreams.quaderno.default_resourcegroup.doctypes:errorResponse" excludeRoot="true" dimension="0"/>
                    </responses>
                </resource>
                <resource method="GET" path="/invoices/{invoice_id}" type="SIMPLE" name="getRetrieveInvoice" displayName="Retrieve Invoice">
                    <description>Retrieve an invoice</description>
                    <mappings>
                        <map isRequired="true" context="IN" name="Accept">
                            <source type="LITERAL">application/json</source>
                            <target type="HEADER">Accept</target>
                        </map>
                    </mappings>
                    <parameters>
                        <parameter name="invoice_id" isRequired="true" style="URI_CONTEXT"/>
                    </parameters>
                    <responses>
                        <response name="retrieveInvoiceResponse" code="200" messageFormatterType="application/octet+idataoref" builderType="application/json" documentRef="com.softwareag.cloudstreams.quaderno.default_resourcegroup.doctypes:retrieveInvoiceResponse" excludeRoot="true" dimension="0"/>
                        <response name="errorResponse" code="400-500" messageFormatterType="application/octet+idataoref" builderType="application/json" documentRef="com.softwareag.cloudstreams.quaderno.default_resourcegroup.doctypes:errorResponse" excludeRoot="true" dimension="0"/>
                    </responses>
                </resource>
                <resource method="GET" path="/invoices" type="SIMPLE" name="getListAllInvoices" displayName="List All Invoices">
                    <description>List all invoices</description>
                    <mappings>
                        <map isRequired="true" context="IN" name="Accept">
                            <source type="LITERAL">application/json</source>
                            <target type="HEADER">Accept</target>
                        </map>
                    </mappings>
                    <parameters>
                        <parameter name="q" style="QUERYSTRING_PARAM" isFixed="true"/>
                        <parameter name="date" style="QUERYSTRING_PARAM" isFixed="true"/>
                        <parameter name="state" style="QUERYSTRING_PARAM" isFixed="true"/>
                        <parameter name="contact" style="QUERYSTRING_PARAM" isFixed="true"/>
                    </parameters>
                    <responses>
                        <response name="listAllInvoiceResponse" code="200" messageFormatterType="application/octet+idataoref" builderType="application/json" documentRef="com.softwareag.cloudstreams.quaderno.default_resourcegroup.doctypes:listAllInvoiceResponse" excludeRoot="true" dimension="0"/>
                        <response name="errorResponse" code="400-500" messageFormatterType="application/octet+idataoref" builderType="application/json" documentRef="com.softwareag.cloudstreams.quaderno.default_resourcegroup.doctypes:errorResponse" excludeRoot="true" dimension="0"/>
                    </responses>
                </resource>
                <resource method="POST" path="/credits" type="SIMPLE" name="postCreateCredit" displayName="Create Credit">
                    <description>Create a credit</description>
                    <mappings>
                        <map isRequired="true" context="IN" name="Content-Type">
                            <source type="LITERAL">application/json</source>
                            <target type="HEADER">Content-Type</target>
                        </map>
                        <map isRequired="true" context="IN" name="Accept">
                            <source type="LITERAL">application/json</source>
                            <target type="HEADER">Accept</target>
                        </map>
                    </mappings>
                    <parameters/>
                    <request name="createCreditRequest" messageFormatterType="application/json" builderType="application/octet+idataoref" documentRef="com.softwareag.cloudstreams.quaderno.default_resourcegroup.doctypes:createCreditRequest" excludeRoot="true" dimension="0"/>
                    <responses>
                        <response name="createCreditResponse" code="201" messageFormatterType="application/octet+idataoref" builderType="application/json" documentRef="com.softwareag.cloudstreams.quaderno.default_resourcegroup.doctypes:createCreditResponse" excludeRoot="true" dimension="0"/>
                        <response name="errorResponse" code="400-500" messageFormatterType="application/octet+idataoref" builderType="application/json" documentRef="com.softwareag.cloudstreams.quaderno.default_resourcegroup.doctypes:errorResponse" excludeRoot="true" dimension="0"/>
                    </responses>
                </resource>
                <resource method="PUT" path="/credits/{credit_id}" type="SIMPLE" name="putUpdateCredit" displayName="Update Credit">
                    <description>Update a credit</description>
                    <mappings>
                        <map isRequired="true" context="IN" name="Content-Type">
                            <source type="LITERAL">application/json</source>
                            <target type="HEADER">Content-Type</target>
                        </map>
                        <map isRequired="true" context="IN" name="Accept">
                            <source type="LITERAL">application/json</source>
                            <target type="HEADER">Accept</target>
                        </map>
                    </mappings>
                    <parameters>
                        <parameter name="credit_id" isRequired="true" style="URI_CONTEXT"/>
                    </parameters>
                    <request name="updateCreditRequest" messageFormatterType="application/json" builderType="application/octet+idataoref" documentRef="com.softwareag.cloudstreams.quaderno.default_resourcegroup.doctypes:updateCreditRequest" excludeRoot="true" dimension="0"/>
                    <responses>
                        <response name="updateCreditResponse" code="200" messageFormatterType="application/octet+idataoref" builderType="application/json" documentRef="com.softwareag.cloudstreams.quaderno.default_resourcegroup.doctypes:updateCreditResponse" excludeRoot="true" dimension="0"/>
                        <response name="errorResponse" code="400-500" messageFormatterType="application/octet+idataoref" builderType="application/json" documentRef="com.softwareag.cloudstreams.quaderno.default_resourcegroup.doctypes:errorResponse" excludeRoot="true" dimension="0"/>
                    </responses>
                </resource>
                <resource method="GET" path="/credits/{credit_id}" type="SIMPLE" name="getRetrieveCredit" displayName="Retrieve Credit">
                    <description>Retrieve a credit</description>
                    <mappings>
                        <map isRequired="true" context="IN" name="Accept">
                            <source type="LITERAL">application/json</source>
                            <target type="HEADER">Accept</target>
                        </map>
                    </mappings>
                    <parameters>
                        <parameter name="credit_id" isRequired="true" style="URI_CONTEXT"/>
                    </parameters>
                    <responses>
                        <response name="retrieveCreditResponse" code="200" messageFormatterType="application/octet+idataoref" builderType="application/json" documentRef="com.softwareag.cloudstreams.quaderno.default_resourcegroup.doctypes:retrieveCreditResponse" excludeRoot="true" dimension="0"/>
                        <response name="errorResponse" code="400-500" messageFormatterType="application/octet+idataoref" builderType="application/json" documentRef="com.softwareag.cloudstreams.quaderno.default_resourcegroup.doctypes:errorResponse" excludeRoot="true" dimension="0"/>
                    </responses>
                </resource>
                <resource method="GET" path="/credits" type="SIMPLE" name="getListAllCredits" displayName="List All Credits">
                    <description>List all credits</description>
                    <mappings>
                        <map isRequired="true" context="IN" name="Accept">
                            <source type="LITERAL">application/json</source>
                            <target type="HEADER">Accept</target>
                        </map>
                    </mappings>
                    <parameters>
                        <parameter name="q" style="QUERYSTRING_PARAM" isFixed="true"/>
                        <parameter name="date" style="QUERYSTRING_PARAM" isFixed="true"/>
                        <parameter name="state" style="QUERYSTRING_PARAM" isFixed="true"/>
                    </parameters>
                    <responses>
                        <response name="listAllCreditResponse" code="200" messageFormatterType="application/octet+idataoref" builderType="application/json" documentRef="com.softwareag.cloudstreams.quaderno.default_resourcegroup.doctypes:listAllCreditResponse" excludeRoot="true" dimension="0"/>
                        <response name="errorResponse" code="400-500" messageFormatterType="application/octet+idataoref" builderType="application/json" documentRef="com.softwareag.cloudstreams.quaderno.default_resourcegroup.doctypes:errorResponse" excludeRoot="true" dimension="0"/>
                    </responses>
                </resource>
                <resource method="PUT" path="/credits/{credit_id}/void" type="SIMPLE" name="putVoidCredit" displayName="Void Credit">
                    <description>Void a credit</description>
                    <mappings>
                        <map isRequired="true" context="IN" name="Accept">
                            <source type="LITERAL">application/json</source>
                            <target type="HEADER">Accept</target>
                        </map>
                    </mappings>
                    <parameters>
                        <parameter name="credit_id" isRequired="true" style="URI_CONTEXT"/>
                    </parameters>
                    <request name="stream" messageFormatterType="vnd.sag.cloudstreams+binary" builderType="vnd.sag.cloudstreams+binary" dimension="0"/>
                    <responses>
                        <response name="voidCreditResponse" code="200" messageFormatterType="application/octet+idataoref" builderType="application/json" documentRef="com.softwareag.cloudstreams.quaderno.default_resourcegroup.doctypes:voidCreditResponse" excludeRoot="true" dimension="0"/>
                    </responses>
                </resource>
                <resource method="PUT" path="/tax_ids/{tax_id}" type="SIMPLE" name="putUpdateTaxID" displayName="Update Tax ID">
                    <description>Update a tax ID</description>
                    <mappings>
                        <map isRequired="true" context="IN" name="Accept">
                            <source type="LITERAL">application/json</source>
                            <target type="HEADER">Accept</target>
                        </map>
                        <map isRequired="true" context="IN" name="Content-Type">
                            <source type="LITERAL">application/json</source>
                            <target type="HEADER">Content-Type</target>
                        </map>
                    </mappings>
                    <parameters>
                        <parameter name="tax_id" isRequired="true" style="URI_CONTEXT"/>
                    </parameters>
                    <request name="updateTaxIDRequest" messageFormatterType="application/json" builderType="application/octet+idataoref" documentRef="com.softwareag.cloudstreams.quaderno.default_resourcegroup.doctypes:updateTaxIDRequest" excludeRoot="true" dimension="0"/>
                    <responses>
                        <response name="updateTaxIDResponse" code="200" messageFormatterType="application/octet+idataoref" builderType="application/json" documentRef="com.softwareag.cloudstreams.quaderno.default_resourcegroup.doctypes:updateTaxIDResponse" excludeRoot="true" dimension="0"/>
                        <response name="errorResponse" code="400-500" messageFormatterType="application/octet+idataoref" builderType="application/json" documentRef="com.softwareag.cloudstreams.quaderno.default_resourcegroup.doctypes:errorResponse" excludeRoot="true" dimension="0"/>
                    </responses>
                </resource>
                <resource method="GET" path="/tax_ids/{tax_id}" type="SIMPLE" name="getRetrieveTaxID" displayName="Retrieve Tax ID">
                    <description>Retrieve a tax ID</description>
                    <mappings>
                        <map isRequired="true" context="IN" name="Accept">
                            <source type="LITERAL">application/json</source>
                            <target type="HEADER">Accept</target>
                        </map>
                    </mappings>
                    <parameters>
                        <parameter name="tax_id" isRequired="true" style="URI_CONTEXT"/>
                    </parameters>
                    <responses>
                        <response name="retrieveTaxIDResponse" code="200" messageFormatterType="application/octet+idataoref" builderType="application/json" documentRef="com.softwareag.cloudstreams.quaderno.default_resourcegroup.doctypes:retrieveTaxIDResponse" excludeRoot="true" dimension="0"/>
                        <response name="errorResponse" code="400-500" messageFormatterType="application/octet+idataoref" builderType="application/json" documentRef="com.softwareag.cloudstreams.quaderno.default_resourcegroup.doctypes:errorResponse" excludeRoot="true" dimension="0"/>
                    </responses>
                </resource>
                <resource method="GET" path="/tax_ids" type="SIMPLE" name="getListAllTaxIDs" displayName="List All Tax IDs">
                    <description>List all tax IDs</description>
                    <mappings>
                        <map isRequired="true" context="IN" name="Accept">
                            <source type="LITERAL">application/json</source>
                            <target type="HEADER">Accept</target>
                        </map>
                    </mappings>
                    <parameters/>
                    <responses>
                        <response name="listAllTaxIDsResponse" code="200" messageFormatterType="application/octet+idataoref" builderType="application/json" documentRef="com.softwareag.cloudstreams.quaderno.default_resourcegroup.doctypes:listAllTaxIDsResponse" excludeRoot="true" dimension="0"/>
                        <response name="errorResponse" code="400-500" messageFormatterType="application/octet+idataoref" builderType="application/json" documentRef="com.softwareag.cloudstreams.quaderno.default_resourcegroup.doctypes:errorResponse" excludeRoot="true" dimension="0"/>
                    </responses>
                </resource>
                <resource method="POST" path="/tax_ids" type="SIMPLE" name="postCreateTaxID" displayName="Create Tax ID">
                    <description>Create a tax ID</description>
                    <mappings>
                        <map isRequired="true" context="IN" name="Content-Type">
                            <source type="LITERAL">application/json</source>
                            <target type="HEADER">Content-Type</target>
                        </map>
                        <map isRequired="true" context="IN" name="Accept">
                            <source type="LITERAL">application/json</source>
                            <target type="HEADER">Accept</target>
                        </map>
                    </mappings>
                    <parameters/>
                    <request name="createTaxIDRequest" messageFormatterType="application/json" builderType="application/octet+idataoref" documentRef="com.softwareag.cloudstreams.quaderno.default_resourcegroup.doctypes:createTaxIDRequest" excludeRoot="true" dimension="0"/>
                    <responses>
                        <response name="createTaxIDResponse" code="200" messageFormatterType="application/octet+idataoref" builderType="application/json" documentRef="com.softwareag.cloudstreams.quaderno.default_resourcegroup.doctypes:createTaxIDResponse" excludeRoot="true" dimension="0"/>
                        <response name="errorResponse" code="400-500" messageFormatterType="application/octet+idataoref" builderType="application/json" documentRef="com.softwareag.cloudstreams.quaderno.default_resourcegroup.doctypes:errorResponse" excludeRoot="true" dimension="0"/>
                    </responses>
                </resource>
                <resource method="DELETE" path="/tax_ids/{tax_id}" type="SIMPLE" name="deleteDeleteTaxID" displayName="Delete Tax ID">
                    <description>Delete a tax ID</description>
                    <mappings/>
                    <parameters>
                        <parameter name="tax_id" isRequired="true" style="URI_CONTEXT" dataType="String"/>
                    </parameters>
                    <request name="stream" messageFormatterType="vnd.sag.cloudstreams+binary" builderType="vnd.sag.cloudstreams+binary" dimension="0"/>
                    <responses>
                        <response name="deleteTaxIDResponse" code="200" messageFormatterType="application/octet+idataoref" builderType="application/json" documentRef="com.softwareag.cloudstreams.quaderno.default_resourcegroup.doctypes:deleteTaxIDResponse" excludeRoot="true" dimension="0"/>
                        <response name="errorResponse" code="400-500" messageFormatterType="application/octet+idataoref" builderType="application/json" documentRef="com.softwareag.cloudstreams.quaderno.default_resourcegroup.doctypes:errorResponse" excludeRoot="true" dimension="0"/>
                    </responses>
                </resource>
            </resources>
        </service>
    </services>
</rest-connector>
